<?xml version="1.0" encoding="utf-8"?>
<install version="1.5" type="plugin" group="content">
	<name>smartresizer</name>
	<author>igort</author>
	<creationDate>June 2013</creationDate>
	<copyright>Copyright (C) 2009-2013 IPrice web solutions. All rights reserved.</copyright>
	<license>http://www.gnu.org/copyleft/gpl.html GNU/GPL</license>
	<authorEmail>support@iprice-web.ru</authorEmail>
	<authorUrl>www.iprice-web.ru</authorUrl>
	<version>1.18 J15</version>
	<description>SMARTRESIZER_DESCRIPTION</description>
	<files>
		<filename plugin="smartresizer">smartresizer.php</filename>
		<folder>smartresizer</folder>		
	</files>
	<languages folder="">
		<language tag="en-GB">en-GB.plg_content_smartresizer.ini</language>
		<language tag="ru-RU">ru-RU.plg_content_smartresizer.ini</language>
		<language tag="fr-FR">fr-FR.plg_content_smartresizer.ini</language>
		<language tag="de-DE">de-DE.plg_content_smartresizer.ini</language>
		<language tag="es-ES">es-ES.plg_content_smartresizer.ini</language>
   	</languages>	
	
	<params>
		<param name="" type="spacer" />	
		<param name="thumb_width" type="text" default="" label="Thumbnail_width_for_blogs" description="THUMBNAIL_WIDTH_FOR_BLOGS_DESC">
		</param>
		<param name="thumb_height" type="text" default="" label="Thumbnail_height_for_blogs" description="THUMBNAIL_HEIGHT_FOR_BLOGS_DESC">
		</param>
		
		<param name="" type="spacer" />	
		
		<param name="thumb_medium_width" type="text" default="" label="Default_thumbnail_width_for_articles" description="DEFAULT_THUMBNAIL_WIDTH_FOR_ARTICLES_DESC">
		</param>
		<param name="thumb_medium_height" type="text" default="" label="Default_thumbnail_height_for_articles" description="DEFAULT_THUMBNAIL_HEIGHT_FOR_ARTICLES_DESC">
		</param>
		
		<param name="" type="spacer" description="Thumbnail_size_for_other_components" />	
		
		<param name="thumb_other_width" type="text" default="" label="Default_thumbnail_width_for_others" description="DEFAULT_THUMBNAIL_WIDTH_FOR_OTHERS_DESC">
		</param>
		<param name="thumb_other_height" type="text" default="" label="Default_thumbnail_height_for_others" description="DEFAULT_THUMBNAIL_HEIGHT_FOR_OTHERS_DESC">
		</param>
		
		<param name="" type="spacer" />	

		<param name="uselargethumb" type="radio" default="0" label="USE_LARGE_THUMBNAIL" description="USE_LARGE_THUMBNAIL_DESC">
			<option value="0">JNO</option>
			<option value="1">JYES</option>
		</param>
		<param name="thumb_large_width" type="text" default="" label="Default_thumbnail_width_for_large" />
		<param name="thumb_large_height" type="text" default="" label="Default_thumbnail_height_for_large" />
		
	</params>
	<params group="advanced">
		<param name="processall" type="radio" default="0" label="Create_thumb_for_all_images" description="CREATE_THUMB_FOR_ALL_IMAGES_DESC">
			<option value="0">NO</option>
			<option value="1">YES</option>
		</param>
		
		<param name="ignoreindividual" type="radio" default="0" label="Ignore_individual_image_size" description="IGNORE_INDIVIDUAL_IMAGE_SIZE_DESC">
			<option value="0">NO</option>
			<option value="1">YES</option>
		</param>
		<param name="readmorelink" type="radio" default="1" label="Create_link_on_article_in_blogs" description="Create_link_DESC">
			<option value="0">NO</option>
			<option value="1">YES</option>
		</param>
		
		<param name="" type="spacer" description="" />	
		
		<param name="imgstyleblog" type="text" size="60" default="" label="Image_style_for_blog" description="Image_style_DESC">
		</param>
		<param name="imgstylearticle" type="text" size="60" default="" label="Image_style_for_article" description="Image_style_DESC">
		</param>
		<param name="imgstyleother" type="text" size="60" default="" label="Image_style_for_other_content" description="Image_style_DESC">
		</param>
		<param name="" type="spacer" description="" />			
		
		<param name="croporfit" type="list" default="0" label="Resizing_method_of_thumbnails" >
			<option value="0">crop</option>
			<option value="1">fit</option>
		</param>				

		<param name="openstyle" type="radio" default="0" label="Full_image_display_style" description="full_image_display_style">
				<option value="0">Popup_window</option>
				<option value="1">Joomla SqweezBox</option>
				<option value="2">Highslide effects</option>
		</param>
		<param name="storethumb" type="list" default="1" label="Store_thumbnails_in" description="Store_thumbnails_in">
			<option value="0">same_folder_as_original</option>
			<option value="2">smart_thumbs_subfolder_of_original_folder</option>
			<option value="1">cache_folder</option>
		</param>

		<param name="thumb_quality" type="text" default="90" label="Thumbnail_quality" description="THUMBNAIL_QUALITY_DESC">
		</param>

		<param name="thumb_ext" type="text" default="_thumb" label="Thumbnail_Extension" description="THUMBNAIL_EXTENSION_DESC">
		</param>
		
			<param name="" type="spacer" description="" />				
			<param name="createcaptart" type="radio" class="btn-group" default="0" label="CREATE_IMAGE_CAPTION_ARTICLE">
				<option value="0">NO</option>
				<option value="1">YES</option>
			</param>
			<param name="createcaptblog" type="radio" class="btn-group" default="0" label="CREATE_IMAGE_CAPTION_BLOG">
				<option value="0">NO</option>
				<option value="1">YES</option>
			</param>
			<param name="createcaptother" type="radio" class="btn-group" default="0" label="CREATE_IMAGE_CAPTION_OTHER">
				<option value="0">NO</option>
				<option value="1">YES</option>
			</param>
			<param name="captpos" type="radio" default="0" label="CAPTION_POSITION">
				<option value="0">UNDER_IMAGE</option>
				<option value="1">ABOVE_IMAGE</option>
			</param>
			<param name="captstyle" type="textarea" cols="60" rows="4" default="line-height:20px; font-size:10px;" label="style_for_caption"/>
		
		
	</params>
	
</install>
